时间,618_热度,618_排名
2026-06-11 06:00:00,64726,45
2026-06-11 07:00:00,133577,2
2026-06-11 08:00:00,175595,42
2026-06-11 09:00:00,158129,19
2026-06-11 10:00:00,129188,11
2026-06-11 11:00:00,109156,36
2026-06-11 12:00:00,203405,50
2026-06-11 13:00:00,226485,20
2026-06-11 14:00:00,227281,48
2026-06-11 15:00:00,131915,26
2026-06-11 16:00:00,160246,50
2026-06-11 17:00:00,132522,38
2026-06-11 18:00:00,132103,36
2026-06-11 19:00:00,244852,48
2026-06-11 20:00:00,293248,5
2026-06-11 21:00:00,223928,25
2026-06-11 22:00:00,274705,24
2026-06-11 23:00:00,272262,27
2026-06-12 00:00:00,61409,38
2026-06-12 01:00:00,57602,37
2026-06-12 02:00:00,70087,20
2026-06-12 03:00:00,62354,33
2026-06-12 04:00:00,57794,37
2026-06-12 05:00:00,53907,46
