时间,AI人工智能_热度,AI人工智能_排名,高考_热度,高考_排名,端午节_热度,端午节_排名,世界杯_热度,世界杯_排名,618_热度,618_排名
2026-06-11 06:00:00,26950,49,71936,45,36588,19,86090,8,64726,45
2026-06-11 07:00:00,66384,31,239631,47,100070,22,273633,49,133577,2
2026-06-11 08:00:00,86098,6,223731,8,77876,16,304589,25,175595,42
2026-06-11 09:00:00,80446,5,239437,23,79435,4,275530,20,158129,19
2026-06-11 10:00:00,50585,18,211592,26,67886,12,202369,46,129188,11
2026-06-11 11:00:00,61155,50,215880,23,63307,42,251206,6,109156,36
2026-06-11 12:00:00,111060,2,270457,12,116889,43,361675,45,203405,50
2026-06-11 13:00:00,96686,50,289530,21,106005,37,372177,36,226485,20
2026-06-11 14:00:00,98780,50,326590,44,115444,26,372337,13,227281,48
2026-06-11 15:00:00,64022,16,228066,34,87269,46,225791,39,131915,26
2026-06-11 16:00:00,65594,10,205116,13,74912,22,228260,25,160246,50
2026-06-11 17:00:00,75285,18,200931,26,91537,14,210482,41,132522,38
2026-06-11 18:00:00,58719,36,223741,14,83363,27,267155,16,132103,36
2026-06-11 19:00:00,105758,21,382645,22,146583,33,385784,5,244852,48
2026-06-11 20:00:00,119771,48,425304,32,130061,25,453143,3,293248,5
2026-06-11 21:00:00,131160,36,445423,27,133410,32,375590,18,223928,25
2026-06-11 22:00:00,106952,18,415461,44,120591,12,458259,39,274705,24
2026-06-11 23:00:00,129534,30,454183,30,160261,32,431741,46,272262,27
2026-06-12 00:00:00,35557,41,119070,8,32594,21,113676,17,61409,38
2026-06-12 01:00:00,26893,5,116418,35,42131,25,112076,34,57602,37
2026-06-12 02:00:00,35021,1,105964,39,40827,36,100074,32,70087,20
2026-06-12 03:00:00,33719,14,84476,26,35254,7,115136,8,62354,33
2026-06-12 04:00:00,25831,14,101137,40,32657,34,95139,44,57794,37
2026-06-12 05:00:00,25486,41,98623,21,30292,14,102902,6,53907,46
